volatility,underlying_price,strike_price,option_price,delta,gamma,theta,vega,rho
0.1, 40, 50, 0.0737851, 0.0463392, 0.024262, -0.000775575, 0.0388191, 0.0177978
0.1, 41, 50, 0.133934, 0.0757135, 0.0347758, -0.00120769, 0.0584581, 0.0297032
0.1, 42, 50, 0.22897, 0.11633, 0.0465939, -0.00176385, 0.0821917, 0.046569
0.1, 43, 50, 0.370618, 0.168974, 0.0586214, -0.00242936, 0.108391, 0.0689525
0.1, 44, 50, 0.570795, 0.233205, 0.0695452, -0.0031718, 0.13464, 0.0969021
0.1, 45, 50, 0.840318, 0.307269, 0.0780953, -0.00394536, 0.158143, 0.129868
0.1, 46, 50, 1.18766, 0.388276, 0.083303, -0.00469862, 0.176269, 0.16673
0.1, 47, 50, 1.61798, 0.472593, 0.084681, -0.00538355, 0.18706, 0.205939
0.1, 48, 50, 2.13266, 0.556373, 0.0822818, -0.00596315, 0.189577, 0.245733
0.1, 49, 50, 2.72935, 0.63607, 0.0766339, -0.00641614, 0.183998, 0.284381
0.1, 50, 50, 3.40248, 0.70884, 0.0685888, -0.00673791, 0.171472, 0.320395
0.1, 51, 50, 4.14408, 0.772778, 0.0591339, -0.00693813, 0.153807, 0.352676
0.1, 52, 50, 4.94477, 0.826957, 0.0492191, -0.00703641, 0.133088, 0.38057
0.1, 53, 50, 5.79471, 0.871328, 0.0396312, -0.00705727, 0.111324, 0.403856
0.1, 54, 50, 6.68436, 0.906517, 0.0309302, -0.00702559, 0.0901924, 0.422676
0.1, 55, 50, 7.60504, 0.933594, 0.0234392, -0.00696342, 0.0709037, 0.437426
0.1, 56, 50, 8.54927, 0.95384, 0.0172761, -0.00688816, 0.0541778, 0.448658
0.1, 57, 50, 9.51089, 0.968577, 0.0124041, -0.00681207, 0.0403008, 0.45698
0.1, 58, 50, 10.485, 0.979034, 0.00868827, -0.0067427, 0.0292273, 0.46299
0.1, 59, 50, 11.4679, 0.986278, 0.0059449, -0.00668383, 0.0206942, 0.467225
0.1, 60, 50, 12.4568, 0.991183, 0.0039788, -0.00663652, 0.0143237, 0.470142
0.2, 40, 50, 0.92971, 0.221922, 0.0371965, -0.00434971, 0.119029, 0.0794718
0.2, 41, 50, 1.17065, 0.260354, 0.0395845, -0.00494801, 0.133083, 0.0950386
0.2, 42, 50, 1.45113, 0.300916, 0.041449, -0.00553888, 0.146232, 0.111874
0.2, 43, 50, 1.77301, 0.343064, 0.0427513, -0.00610927, 0.158094, 0.129788
0.2, 44, 50, 2.1376, 0.386227, 0.0434781, -0.00664737, 0.168347, 0.148564
0.2, 45, 50, 2.54561, 0.429832, 0.0436395, -0.00714312, 0.17674, 0.167968
0.2, 46, 50, 2.99722, 0.473327, 0.0432663, -0.00758856, 0.183103, 0.187758
0.2, 47, 50, 3.49206, 0.516202, 0.0424057, -0.00797795, 0.187348, 0.207694
0.2, 48, 50, 4.02926, 0.557996, 0.0411166, -0.00830789, 0.189465, 0.227545
0.2, 49, 50, 4.60756, 0.598314, 0.0394659, -0.00857711, 0.189515, 0.247098
0.2, 50, 50, 5.22529, 0.636831, 0.037524, -0.00878634, 0.18762, 0.266162
0.2, 51, 50, 5.88053, 0.673289, 0.0353615, -0.00893798, 0.18395, 0.284572
0.2, 52, 50, 6.57112, 0.707503, 0.0330459, -0.00903581, 0.178712, 0.30219
0.2, 53, 50, 7.29475, 0.739351, 0.0306398, -0.00908463, 0.172135, 0.318908
0.2, 54, 50, 8.04901, 0.768771, 0.0281994, -0.00908992, 0.164459, 0.334646
0.2, 55, 50, 8.83148, 0.795754, 0.025773, -0.00905758, 0.155927, 0.34935
0.2, 56, 50, 9.63972, 0.820335, 0.0234012, -0.00899363, 0.146772, 0.362991
0.2, 57, 50, 10.4714, 0.842586, 0.0211164, -0.00890395, 0.137214, 0.37556
0.2, 58, 50, 11.3241, 0.862605, 0.0189437, -0.00879419, 0.127453, 0.38707
0.2, 59, 50, 12.1959, 0.880516, 0.0169011, -0.00866955, 0.117666, 0.397546
0.2, 60, 50, 13.0845, 0.896455, 0.0150005, -0.00853472, 0.108004, 0.407028
0.3, 40, 50, 2.27661, 0.334637, 0.0303466, -0.00750794, 0.145664, 0.111089
0.3, 41, 50, 2.62646, 0.365109, 0.0305621, -0.00802472, 0.154125, 0.12343
0.3, 42, 50, 3.00686, 0.395693, 0.0305736, -0.00851382, 0.161795, 0.136122
0.3, 43, 50, 3.41782, 0.426192, 0.030395, -0.00897106, 0.168601, 0.149085
0.3, 44, 50, 3.85916, 0.456425, 0.0300424, -0.00939308, 0.174486, 0.162235
0.3, 45, 50, 4.33053, 0.486225, 0.0295337, -0.00977736, 0.179417, 0.175496
0.3, 46, 50, 4.83142, 0.515446, 0.0288872, -0.0101222, 0.183376, 0.188791
0.3, 47, 50, 5.36118, 0.54396, 0.0281218, -0.0104266, 0.186363, 0.202049
0.3, 48, 50, 5.91906, 0.571657, 0.0272562, -0.0106903, 0.188395, 0.215205
0.3, 49, 50, 6.50419, 0.598445, 0.0263084, -0.0109136, 0.189499, 0.228196
0.3, 50, 50, 7.11563, 0.624252, 0.0252955, -0.0110975, 0.189716, 0.24097
0.3, 51, 50, 7.75235, 0.64902, 0.0242337, -0.0112433, 0.189095, 0.253477
0.3, 52, 50, 8.41331, 0.672708, 0.0231377, -0.0113528, 0.187693, 0.265675
0.3, 53, 50, 9.0974, 0.695288, 0.0220209, -0.0114279, 0.18557, 0.277529
0.3, 54, 50, 9.80351, 0.716747, 0.0208953, -0.011471, 0.182792, 0.289008
0.3, 55, 50, 10.5305, 0.737079, 0.0197716, -0.0114845, 0.179427, 0.300089
0.3, 56, 50, 11.2773, 0.756293, 0.0186589, -0.011471, 0.175543, 0.310751
0.3, 57, 50, 12.0427, 0.774403, 0.0175651, -0.0114329, 0.171207, 0.320983
0.3, 58, 50, 12.8257, 0.791432, 0.0164967, -0.011373, 0.166485, 0.330773
0.3, 59, 50, 13.6252, 0.807407, 0.0154593, -0.0112937, 0.161441, 0.340118
0.3, 60, 50, 14.4402, 0.822362, 0.0144571, -0.0111976, 0.156136, 0.349015
0.4, 40, 50, 3.78911, 0.407935, 0.024267, -0.0102263, 0.155309, 0.125283
0.4, 41, 50, 4.20914, 0.432062, 0.0239722, -0.0106823, 0.161189, 0.135054
0.4, 42, 50, 4.65313, 0.455854, 0.023601, -0.0111102, 0.166529, 0.144928
0.4, 43, 50, 5.12071, 0.479242, 0.0231629, -0.0115085, 0.171313, 0.154867
0.4, 44, 50, 5.61145, 0.502161, 0.0226668, -0.0118762, 0.175532, 0.164836
0.4, 45, 50, 6.12486, 0.524559, 0.0221215, -0.0122128, 0.179184, 0.174803
0.4, 46, 50, 6.66038, 0.54639, 0.0215349, -0.0125181, 0.182271, 0.184736
0.4, 47, 50, 7.21744, 0.567617, 0.0209148, -0.012792, 0.184803, 0.194606
0.4, 48, 50, 7.79541, 0.588211, 0.0202682, -0.013035, 0.186792, 0.204387
0.4, 49, 50, 8.39364, 0.608147, 0.0196017, -0.0132476, 0.188254, 0.214056
0.4, 50, 50, 9.01148, 0.627409, 0.018921, -0.0134305, 0.18921, 0.22359
0.4, 51, 50, 9.64823, 0.645986, 0.0182316, -0.0135849, 0.189681, 0.232971
0.4, 52, 50, 10.3032, 0.663871, 0.0175381, -0.0137117, 0.189692, 0.242181
0.4, 53, 50, 10.9757, 0.681063, 0.0168449, -0.0138121, 0.18927, 0.251206
0.4, 54, 50, 11.6651, 0.697562, 0.0161557, -0.0138876, 0.18844, 0.260033
0.4, 55, 50, 12.3706, 0.713376, 0.0154736, -0.0139393, 0.18723, 0.268651
0.4, 56, 50, 13.0916, 0.728513, 0.0148015, -0.0139689, 0.18567, 0.277051
0.4, 57, 50, 13.8274, 0.742983, 0.0141418, -0.0139777, 0.183786, 0.285226
0.4, 58, 50, 14.5774, 0.756801, 0.0134964, -0.0139671, 0.181607, 0.293171
0.4, 59, 50, 15.3408, 0.769982, 0.012867, -0.0139387, 0.17916, 0.300881
0.4, 60, 50, 16.1171, 0.782541, 0.012255, -0.0138937, 0.176472, 0.308353
0.5, 40, 50, 5.36306, 0.461646, 0.0198549, -0.0126743, 0.158839, 0.131028
0.5, 41, 50, 5.83457, 0.481296, 0.0194392, -0.0130948, 0.163387, 0.138986
0.5, 42, 50, 6.32551, 0.500516, 0.0189972, -0.0134896, 0.167556, 0.146962
0.5, 43, 50, 6.83545, 0.519283, 0.0185338, -0.0138584, 0.171345, 0.154937
0.5, 44, 50, 7.36392, 0.537578, 0.0180532, -0.014201, 0.174755, 0.162895
0.5, 45, 50, 7.91044, 0.555385, 0.0175596, -0.0145175, 0.177791, 0.170819
0.5, 46, 50, 8.47452, 0.572694, 0.0170566, -0.014808, 0.180458, 0.178694
0.5, 47, 50, 9.05566, 0.589496, 0.0165473, -0.015073, 0.182765, 0.186507
0.5, 48, 50, 9.65334, 0.605787, 0.0160347, -0.0153129, 0.18472, 0.194245
0.5, 49, 50, 10.2671, 0.621565, 0.0155214, -0.0155283, 0.186334, 0.201896
0.5, 50, 50, 10.8963, 0.636831, 0.0150096, -0.0157199, 0.18762, 0.209452
0.5, 51, 50, 11.5406, 0.651586, 0.0145014, -0.0158884, 0.18859, 0.216903
0.5, 52, 50, 12.1993, 0.665835, 0.0139983, -0.0160346, 0.189258, 0.224241
0.5, 53, 50, 12.8721, 0.679585, 0.0135021, -0.0161595, 0.189637, 0.231459
0.5, 54, 50, 13.5583, 0.692842, 0.0130138, -0.0162638, 0.189741, 0.238552
0.5, 55, 50, 14.2576, 0.705615, 0.0125346, -0.0163486, 0.189586, 0.245513
0.5, 56, 50, 14.9694, 0.717915, 0.0120654, -0.0164146, 0.189186, 0.252338
0.5, 57, 50, 15.6933, 0.72975, 0.011607, -0.016463, 0.188555, 0.259025
0.5, 58, 50, 16.4287, 0.741132, 0.0111598, -0.0164947, 0.187708, 0.265569
0.5, 59, 50, 17.1754, 0.752073, 0.0107245, -0.0165105, 0.186659, 0.27197
0.5, 60, 50, 17.9327, 0.762585, 0.0103012, -0.0165114, 0.185422, 0.278224
0.6, 40, 50, 6.95674, 0.504559, 0.0166215, -0.0149268, 0.159566, 0.132256
0.6, 41, 50, 7.46954, 0.520967, 0.0161948, -0.015328, 0.16334, 0.138901
0.6, 42, 50, 7.99853, 0.536947, 0.0157631, -0.0157062, 0.166837, 0.145532
0.6, 43, 50, 8.54329, 0.552493, 0.0153288, -0.0160615, 0.170058, 0.152139
0.6, 44, 50, 9.10337, 0.567604, 0.014894, -0.016394, 0.173008, 0.158712
0.6, 45, 50, 9.67835, 0.582281, 0.0144602, -0.016704, 0.175692, 0.165243
0.6, 46, 50, 10.2678, 0.596526, 0.0140292, -0.016992, 0.178115, 0.171724
0.6, 47, 50, 10.8713, 0.610341, 0.0136023, -0.0172583, 0.180284, 0.178148
0.6, 48, 50, 11.4883, 0.623732, 0.0131805, -0.0175034, 0.182207, 0.184508
0.6, 49, 50, 12.1186, 0.636704, 0.0127648, -0.0177279, 0.18389, 0.190799
0.6, 50, 50, 12.7616, 0.649264, 0.0123561, -0.0179324, 0.185341, 0.197016
0.6, 51, 50, 13.417, 0.661419, 0.011955, -0.0181174, 0.186569, 0.203154
0.6, 52, 50, 14.0843, 0.673176, 0.0115621, -0.0182837, 0.187583, 0.209209
0.6, 53, 50, 14.7632, 0.684546, 0.0111779, -0.0184319, 0.188392, 0.215177
0.6, 54, 50, 15.4533, 0.695535, 0.0108026, -0.0185627, 0.189003, 0.221056
0.6, 55, 50, 16.1541, 0.706154, 0.0104367, -0.0186767, 0.189426, 0.226843
0.6, 56, 50, 16.8655, 0.716412, 0.0100802, -0.0187747, 0.18967, 0.232536
0.6, 57, 50, 17.5869, 0.726318, 0.00973338, -0.0188574, 0.189743, 0.238133
0.6, 58, 50, 18.318, 0.735882, 0.00939623, -0.0189254, 0.189653, 0.243632
0.6, 59, 50, 19.0585, 0.745113, 0.00906879, -0.0189794, 0.189411, 0.249032
0.6, 60, 50, 19.8081, 0.754022, 0.00875105, -0.0190201, 0.189023, 0.254332
0.7, 40, 50, 8.54927, 0.54088, 0.0141731, -0.0170141, 0.158738, 0.130859
0.7, 41, 50, 9.09717, 0.554851, 0.0137688, -0.0174061, 0.162018, 0.136517
0.7, 42, 50, 9.65884, 0.56842, 0.0133694, -0.0177773, 0.165085, 0.142148
0.7, 43, 50, 10.2339, 0.581592, 0.0129757, -0.0181282, 0.167945, 0.147746
0.7, 44, 50, 10.8219, 0.594373, 0.0125885, -0.018459, 0.1706, 0.153305
0.7, 45, 50, 11.4225, 0.606771, 0.0122085, -0.01877, 0.173055, 0.158822
0.7, 46, 50, 12.0353, 0.618793, 0.0118361, -0.0190617, 0.175316, 0.164292
0.7, 47, 50, 12.66, 0.630446, 0.0114718, -0.0193346, 0.177388, 0.16971
0.7, 48, 50, 13.2961, 0.641739, 0.0111158, -0.0195891, 0.179275, 0.175074
0.7, 49, 50, 13.9433, 0.652681, 0.0107684, -0.0198257, 0.180985, 0.18038
0.7, 50, 50, 14.6013, 0.663279, 0.0104298, -0.0200449, 0.182522, 0.185626
0.7, 51, 50, 15.2698, 0.673543, 0.0101001, -0.0202473, 0.183892, 0.190809
0.7, 52, 50, 15.9483, 0.683482, 0.00977927, -0.0204334, 0.185102, 0.195928
0.7, 53, 50, 16.6366, 0.693105, 0.0094674, -0.0206039, 0.186157, 0.200979
0.7, 54, 50, 17.3344, 0.70242, 0.00916442, -0.0207591, 0.187064, 0.205963
0.7, 55, 50, 18.0414, 0.711436, 0.00887029, -0.0208997, 0.187828, 0.210876
0.7, 56, 50, 18.7572, 0.720163, 0.0085849, -0.0210262, 0.188456, 0.21572
0.7, 57, 50, 19.4816, 0.728609, 0.00830814, -0.0211391, 0.188952, 0.220491
0.7, 58, 50, 20.2143, 0.736782, 0.00803988, -0.0212391, 0.189323, 0.225191
0.7, 59, 50, 20.9551, 0.744692, 0.00777997, -0.0213266, 0.189575, 0.229817
0.7, 60, 50, 21.7036, 0.752345, 0.00752824, -0.0214021, 0.189712, 0.234371
0.8, 40, 50, 10.1282, 0.572825, 0.0122586, -0.018947, 0.156911, 0.127848
0.8, 41, 50, 10.7071, 0.584897, 0.0118864, -0.019336, 0.159849, 0.132737
0.8, 42, 50, 11.2979, 0.596601, 0.0115235, -0.0197061, 0.162619, 0.137594
0.8, 43, 50, 11.9002, 0.607947, 0.01117, -0.0200579, 0.165226, 0.142415
0.8, 44, 50, 12.5137, 0.618944, 0.010826, -0.0203916, 0.167674, 0.147199
0.8, 45, 50, 13.138, 0.629602, 0.0104917, -0.0207077, 0.169965, 0.151941
0.8, 46, 50, 13.7727, 0.63993, 0.0101669, -0.0210066, 0.172106, 0.156641
0.8, 47, 50, 14.4177, 0.649939, 0.00985166, -0.0212888, 0.174099, 0.161294
0.8, 48, 50, 15.0725, 0.659637, 0.00954583, -0.0215547, 0.175949, 0.165901
0.8, 49, 50, 15.7369, 0.669034, 0.0092493, -0.0218047, 0.177661, 0.170458
0.8, 50, 50, 16.4105, 0.678139, 0.00896192, -0.0220393, 0.179238, 0.174964
0.8, 51, 50, 17.0931, 0.686961, 0.00868352, -0.0222591, 0.180687, 0.179419
0.8, 52, 50, 17.7843, 0.695509, 0.00841392, -0.0224644, 0.18201, 0.183821
0.8, 53, 50, 18.484, 0.703791, 0.00815292, -0.0226557, 0.183212, 0.188169
0.8, 54, 50, 19.1918, 0.711817, 0.00790032, -0.0228336, 0.184299, 0.192463
0.8, 55, 50, 19.9075, 0.719595, 0.00765589, -0.0229984, 0.185273, 0.196702
0.8, 56, 50, 20.6309, 0.727132, 0.00741944, -0.0231506, 0.186139, 0.200884
0.8, 57, 50, 21.3617, 0.734436, 0.00719073, -0.0232907, 0.186901, 0.205011
0.8, 58, 50, 22.0997, 0.741516, 0.00696954, -0.0234191, 0.187564, 0.209082
0.8, 59, 50, 22.8447, 0.748378, 0.00675565, -0.0235363, 0.188131, 0.213096
0.8, 60, 50, 23.5964, 0.755029, 0.00654884, -0.0236426, 0.188607, 0.217053
0.9, 40, 50, 11.6851, 0.601649, 0.01072, -0.0207277, 0.154368, 0.123809
0.9, 41, 50, 12.2921, 0.612199, 0.010381, -0.0211174, 0.157054, 0.128081
0.9, 42, 50, 12.9094, 0.622415, 0.0100532, -0.0214898, 0.159604, 0.13232
0.9, 43, 50, 13.5368, 0.632309, 0.00973633, -0.0218455, 0.162022, 0.136525
0.9, 44, 50, 14.1739, 0.641891, 0.00943018, -0.0221849, 0.164311, 0.140693
0.9, 45, 50, 14.8205, 0.651173, 0.00913445, -0.0225082, 0.166475, 0.144823
0.9, 46, 50, 15.4762, 0.660163, 0.00884886, -0.0228161, 0.168518, 0.148914
0.9, 47, 50, 16.1407, 0.668874, 0.00857311, -0.0231088, 0.170442, 0.152964
0.9, 48, 50, 16.8138, 0.677313, 0.00830689, -0.0233868, 0.172252, 0.156972
0.9, 49, 50, 17.4952, 0.685491, 0.0080499, -0.0236506, 0.17395, 0.160938
0.9, 50, 50, 18.1847, 0.693416, 0.00780185, -0.0239005, 0.175542, 0.164861
0.9, 51, 50, 18.882, 0.701097, 0.00756243, -0.024137, 0.177029, 0.16874
0.9, 52, 50, 19.5868, 0.708543, 0.00733135, -0.0243605, 0.178416, 0.172574
0.9, 53, 50, 20.299, 0.715762, 0.00710831, -0.0245714, 0.179705, 0.176364
0.9, 54, 50, 21.0183, 0.722763, 0.00689304, -0.0247701, 0.180901, 0.180109
0.9, 55, 50, 21.7445, 0.729551, 0.00668526, -0.024957, 0.182006, 0.183808
0.9, 56, 50, 22.4773, 0.736135, 0.00648469, -0.0251326, 0.183024, 0.187463
0.9, 57, 50, 23.2167, 0.742523, 0.00629108, -0.0252971, 0.183957, 0.191071
0.9, 58, 50, 23.9623, 0.74872, 0.00610417, -0.025451, 0.18481, 0.194634
0.9, 59, 50, 24.714, 0.754733, 0.0059237, -0.0255946, 0.185584, 0.198152
0.9, 60, 50, 25.4717, 0.760569, 0.00574945, -0.0257283, 0.186282, 0.201624
1, 40, 50, 13.2137, 0.628112, 0.00945477, -0.0223544, 0.151276, 0.119107
1, 41, 50, 13.8465, 0.637412, 0.00914723, -0.0227469, 0.153765, 0.122873
1, 42, 50, 14.4885, 0.64641, 0.00885154, -0.0231236, 0.156141, 0.126608
1, 43, 50, 15.1393, 0.655119, 0.00856724, -0.0234848, 0.158408, 0.130308
1, 44, 50, 15.7986, 0.663548, 0.00829385, -0.023831, 0.160569, 0.133975
1, 45, 50, 16.4663, 0.67171, 0.00803094, -0.0241626, 0.162627, 0.137607
1, 46, 50, 17.1419, 0.679614, 0.00777808, -0.02448, 0.164584, 0.141203
1, 47, 50, 17.8254, 0.687269, 0.00753483, -0.0247837, 0.166444, 0.144762
1, 48, 50, 18.5164, 0.694686, 0.0073008, -0.0250738, 0.168211, 0.148285
1, 49, 50, 19.2147, 0.701874, 0.00707561, -0.025351, 0.169885, 0.151771
1, 50, 50, 19.9201, 0.70884, 0.00685888, -0.0256156, 0.171472, 0.155219
1, 51, 50, 20.6323, 0.715594, 0.00665024, -0.0258679, 0.172973, 0.15863
1, 52, 50, 21.3512, 0.722143, 0.00644937, -0.0261084, 0.174391, 0.162003
1, 53, 50, 22.0765, 0.728495, 0.00625593, -0.0263374, 0.175729, 0.165337
1, 54, 50, 22.8081, 0.734658, 0.0060696, -0.0265552, 0.17699, 0.168634
1, 55, 50, 23.5458, 0.740637, 0.00589009, -0.0267622, 0.178175, 0.171892
1, 56, 50, 24.2893, 0.74644, 0.00571711, -0.0269589, 0.179288, 0.175113
1, 57, 50, 25.0386, 0.752073, 0.00555038, -0.0271454, 0.180332, 0.178296
1, 58, 50, 25.7934, 0.757543, 0.00538964, -0.0273221, 0.181307, 0.18144
1, 59, 50, 26.5536, 0.762854, 0.00523464, -0.0274894, 0.182218, 0.184548
1, 60, 50, 27.3191, 0.768014, 0.00508515, -0.0276476, 0.183065, 0.187617
1.1, 40, 50, 14.7092, 0.652691, 0.00839437, -0.0238238, 0.147741, 0.113985
1.1, 41, 50, 15.366, 0.660945, 0.00811572, -0.0242202, 0.150068, 0.117328
1.1, 42, 50, 16.031, 0.668927, 0.0078489, -0.0246019, 0.1523, 0.12064
1.1, 43, 50, 16.7038, 0.676647, 0.00759331, -0.0249694, 0.15444, 0.12392
1.1, 44, 50, 17.3842, 0.684117, 0.00734838, -0.0253229, 0.156491, 0.12717
1.1, 45, 50, 18.0719, 0.691347, 0.0071136, -0.025663, 0.158455, 0.130387
1.1, 46, 50, 18.7668, 0.698347, 0.00688845, -0.0259899, 0.160335, 0.133572
1.1, 47, 50, 19.4686, 0.705127, 0.00667246, -0.0263041, 0.162134, 0.136724
1.1, 48, 50, 20.177, 0.711695, 0.00646519, -0.0266059, 0.163854, 0.139844
1.1, 49, 50, 20.8919, 0.71806, 0.0062662, -0.0268958, 0.165497, 0.142931
1.1, 50, 50, 21.613, 0.72423, 0.00607511, -0.0271741, 0.167066, 0.145985
1.1, 51, 50, 22.3403, 0.730213, 0.00589153, -0.027441, 0.168563, 0.149006
1.1, 52, 50, 23.0734, 0.736016, 0.00571511, -0.0276971, 0.16999, 0.151994
1.1, 53, 50, 23.8122, 0.741645, 0.0055455, -0.0279425, 0.17135, 0.15495
1.1, 54, 50, 24.5566, 0.747109, 0.00538238, -0.0281777, 0.172645, 0.157872
1.1, 55, 50, 25.3064, 0.752412, 0.00522546, -0.0284029, 0.173877, 0.160763
1.1, 56, 50, 26.0614, 0.757562, 0.00507445, -0.0286185, 0.175048, 0.16362
1.1, 57, 50, 26.8215, 0.762563, 0.00492907, -0.0288247, 0.17616, 0.166446
1.1, 58, 50, 27.5865, 0.767422, 0.00478906, -0.0290219, 0.177214, 0.16924
1.1, 59, 50, 28.3563, 0.772143, 0.0046542, -0.0292103, 0.178214, 0.172001
1.1, 60, 50, 29.1307, 0.776732, 0.00452423, -0.0293902, 0.17916, 0.174732
1.2, 40, 50, 16.1673, 0.675702, 0.00749157, -0.0251324, 0.143838, 0.108607
1.2, 41, 50, 16.8467, 0.683066, 0.0072391, -0.0255331, 0.146027, 0.11159
1.2, 42, 50, 17.5334, 0.690184, 0.00699806, -0.02592, 0.148135, 0.114543
1.2, 43, 50, 18.227, 0.697066, 0.00676781, -0.0262937, 0.150164, 0.117468
1.2, 44, 50, 18.9275, 0.703723, 0.00654773, -0.0266543, 0.152117, 0.120364
1.2, 45, 50, 19.6344, 0.710165, 0.00633727, -0.0270025, 0.153996, 0.12323
1.2, 46, 50, 20.3477, 0.716401, 0.00613591, -0.0273384, 0.155803, 0.126067
1.2, 47, 50, 21.0671, 0.722439, 0.00594313, -0.0276625, 0.157541, 0.128875
1.2, 48, 50, 21.7925, 0.72829, 0.00575849, -0.0279751, 0.159211, 0.131654
1.2, 49, 50, 22.5237, 0.733959, 0.00558156, -0.0282766, 0.160816, 0.134403
1.2, 50, 50, 23.2604, 0.739455, 0.00541192, -0.0285673, 0.162358, 0.137124
1.2, 51, 50, 24.0025, 0.744785, 0.0052492, -0.0288476, 0.163838, 0.139815
1.2, 52, 50, 24.7499, 0.749956, 0.00509305, -0.0291177, 0.165259, 0.142478
1.2, 53, 50, 25.5024, 0.754973, 0.00494313, -0.0293779, 0.166623, 0.145112
1.2, 54, 50, 26.2598, 0.759844, 0.00479913, -0.0296286, 0.167931, 0.147718
1.2, 55, 50, 27.022, 0.764573, 0.00466074, -0.0298701, 0.169185, 0.150295
1.2, 56, 50, 27.7889, 0.769167, 0.00452771, -0.0301026, 0.170387, 0.152845
1.2, 57, 50, 28.5603, 0.773631, 0.00439976, -0.0303263, 0.171538, 0.155366
1.2, 58, 50, 29.3361, 0.777968, 0.00427666, -0.0305417, 0.17264, 0.15786
1.2, 59, 50, 30.1162, 0.782185, 0.00415816, -0.0307488, 0.173695, 0.160327
1.2, 60, 50, 30.9005, 0.786286, 0.00404406, -0.0309481, 0.174703, 0.162767
1.3, 40, 50, 17.5849, 0.697357, 0.00671286, -0.0262774, 0.139628, 0.103094
1.3, 41, 50, 18.2856, 0.703954, 0.00648399, -0.0266821, 0.141695, 0.105765
1.3, 42, 50, 18.9927, 0.710328, 0.00626598, -0.0270739, 0.143691, 0.10841
1.3, 43, 50, 19.7062, 0.716489, 0.00605816, -0.0274533, 0.14562, 0.111029
1.3, 44, 50, 20.4257, 0.722448, 0.00585993, -0.0278205, 0.147483, 0.11362
1.3, 45, 50, 21.151, 0.728212, 0.00567071, -0.0281759, 0.149281, 0.116186
1.3, 46, 50, 21.882, 0.733792, 0.00548997, -0.02852, 0.151018, 0.118724
1.3, 47, 50, 22.6185, 0.739195, 0.00531722, -0.028853, 0.152695, 0.121236
1.3, 48, 50, 23.3603, 0.744429, 0.00515201, -0.0291752, 0.154313, 0.123722
1.3, 49, 50, 24.1073, 0.749501, 0.00499392, -0.0294871, 0.155875, 0.126182
1.3, 50, 50, 24.8593, 0.754419, 0.00484254, -0.0297889, 0.157383, 0.128616
1.3, 51, 50, 25.6161, 0.759188, 0.00469752, -0.0300809, 0.158837, 0.131025
1.3, 52, 50, 26.3776, 0.763816, 0.0045585, -0.0303635, 0.16024, 0.133408
1.3, 53, 50, 27.1437, 0.768307, 0.00442517, -0.0306368, 0.161594, 0.135766
1.3, 54, 50, 27.9142, 0.772668, 0.00429722, -0.0309012, 0.162899, 0.138099
1.3, 55, 50, 28.689, 0.776903, 0.00417439, -0.0311569, 0.164158, 0.140407
1.3, 56, 50, 29.468, 0.781018, 0.00405639, -0.0314043, 0.165371, 0.142691
1.3, 57, 50, 30.251, 0.785018, 0.003943, -0.0316435, 0.16654, 0.14495
1.3, 58, 50, 31.038, 0.788906, 0.00383397, -0.0318748, 0.167667, 0.147186
1.3, 59, 50, 31.8288, 0.792687, 0.0037291, -0.0320984, 0.168753, 0.149398
1.3, 60, 50, 32.6233, 0.796365, 0.00362817, -0.0323146, 0.169798, 0.151586
1.4, 40, 50, 18.959, 0.717803, 0.00603387, -0.0272569, 0.135159, 0.0975307
1.4, 41, 50, 19.6798, 0.723732, 0.00582626, -0.027665, 0.137115, 0.0999319
1.4, 42, 50, 20.4064, 0.729459, 0.00562886, -0.028061, 0.13901, 0.102308
1.4, 43, 50, 21.1387, 0.734993, 0.005441, -0.0284452, 0.140846, 0.10466
1.4, 44, 50, 21.8764, 0.740343, 0.00526208, -0.028818, 0.142623, 0.106988
1.4, 45, 50, 22.6193, 0.74552, 0.00509154, -0.0291798, 0.144345, 0.109291
1.4, 46, 50, 23.3673, 0.750529, 0.00492887, -0.0295308, 0.146013, 0.11157
1.4, 47, 50, 24.1203, 0.75538, 0.00477359, -0.0298715, 0.147628, 0.113825
1.4, 48, 50, 24.878, 0.760079, 0.00462526, -0.0302021, 0.149192, 0.116057
1.4, 49, 50, 25.6404, 0.764633, 0.00448348, -0.0305229, 0.150708, 0.118266
1.4, 50, 50, 26.4073, 0.769048, 0.00434786, -0.0308343, 0.152175, 0.120451
1.4, 51, 50, 27.1785, 0.77333, 0.00421806, -0.0311365, 0.153596, 0.122614
1.4, 52, 50, 27.9539, 0.777486, 0.00409374, -0.0314298, 0.154973, 0.124754
1.4, 53, 50, 28.7334, 0.781519, 0.00397461, -0.0317144, 0.156306, 0.126871
1.4, 54, 50, 29.5169, 0.785437, 0.00386039, -0.0319907, 0.157597, 0.128967
1.4, 55, 50, 30.3042, 0.789242, 0.0037508, -0.0322588, 0.158846, 0.131041
1.4, 56, 50, 31.0953, 0.79294, 0.00364561, -0.032519, 0.160057, 0.133093
1.4, 57, 50, 31.8901, 0.796534, 0.00354458, -0.0327716, 0.161229, 0.135124
1.4, 58, 50, 32.6884, 0.80003, 0.0034475, -0.0330167, 0.162363, 0.137134
1.4, 59, 50, 33.4901, 0.803431, 0.00335416, -0.0332546, 0.163462, 0.139123
1.4, 60, 50, 34.2952, 0.80674, 0.00326438, -0.0334855, 0.164525, 0.141092
1.5, 40, 50, 20.2874, 0.737146, 0.00543648, -0.0280701, 0.130476, 0.0919847
1.5, 41, 50, 21.0272, 0.742487, 0.00524806, -0.0284807, 0.13233, 0.0941478
1.5, 42, 50, 21.7723, 0.747645, 0.00506915, -0.0288799, 0.13413, 0.0962882
1.5, 43, 50, 22.5224, 0.752629, 0.00489911, -0.0292679, 0.135877, 0.098406
1.5, 44, 50, 23.2775, 0.757446, 0.00473737, -0.0296452, 0.137573, 0.100501
1.5, 45, 50, 24.0373, 0.762106, 0.00458339, -0.0300121, 0.13922, 0.102575
1.5, 46, 50, 24.8016, 0.766615, 0.00443667, -0.0303688, 0.14082, 0.104627
1.5, 47, 50, 25.5705, 0.770981, 0.00429676, -0.0307158, 0.142373, 0.106657
1.5, 48, 50, 26.3436, 0.775211, 0.00416324, -0.0310533, 0.143881, 0.108666
1.5, 49, 50, 27.1208, 0.77931, 0.00403572, -0.0313815, 0.145347, 0.110654
1.5, 50, 50, 27.9021, 0.783284, 0.00391386, -0.0317009, 0.14677, 0.112621
1.5, 51, 50, 28.6874, 0.787139, 0.00379731, -0.0320116, 0.148152, 0.114568
1.5, 52, 50, 29.4764, 0.790881, 0.00368577, -0.0323139, 0.149495, 0.116494
1.5, 53, 50, 30.2691, 0.794513, 0.00357895, -0.0326081, 0.150799, 0.118401
1.5, 54, 50, 31.0654, 0.79804, 0.0034766, -0.0328943, 0.152067, 0.120288
1.5, 55, 50, 31.8651, 0.801467, 0.00337846, -0.0331729, 0.153298, 0.122156
1.5, 56, 50, 32.6683, 0.804798, 0.00328431, -0.0334441, 0.154494, 0.124004
1.5, 57, 50, 33.4747, 0.808037, 0.00319394, -0.033708, 0.155656, 0.125834
1.5, 58, 50, 34.2843, 0.811187, 0.00310713, -0.0339648, 0.156786, 0.127645
1.5, 59, 50, 35.097, 0.814252, 0.00302371, -0.0342149, 0.157883, 0.129439
1.5, 60, 50, 35.9128, 0.817236, 0.00294351, -0.0344583, 0.158949, 0.131214
1.6, 40, 50, 21.568, 0.755464, 0.00490694, -0.0287176, 0.125618, 0.0865059
1.6, 41, 50, 22.3259, 0.760285, 0.00473586, -0.0291297, 0.127376, 0.0884582
1.6, 42, 50, 23.0885, 0.764939, 0.0045736, -0.0295309, 0.129085, 0.0903894
1.6, 43, 50, 23.8557, 0.769434, 0.00441956, -0.0299215, 0.130748, 0.0923001
1.6, 44, 50, 24.6273, 0.77378, 0.00427317, -0.030302, 0.132366, 0.0941904
1.6, 45, 50, 25.4032, 0.777983, 0.00413395, -0.0306726, 0.13394, 0.0960606
1.6, 46, 50, 26.1832, 0.78205, 0.0040014, -0.0310336, 0.135471, 0.097911
1.6, 47, 50, 26.9672, 0.785988, 0.00387512, -0.0313854, 0.136962, 0.099742
1.6, 48, 50, 27.7552, 0.789803, 0.00375469, -0.0317282, 0.138413, 0.101554
1.6, 49, 50, 28.5468, 0.793499, 0.00363977, -0.0320624, 0.139825, 0.103347
1.6, 50, 50, 29.3421, 0.797084, 0.00353001, -0.0323881, 0.141201, 0.105121
1.6, 51, 50, 30.1409, 0.800561, 0.00342511, -0.0327056, 0.14254, 0.106877
1.6, 52, 50, 30.9432, 0.803936, 0.00332478, -0.0330152, 0.143843, 0.108614
1.6, 53, 50, 31.7488, 0.807212, 0.00322876, -0.0333171, 0.145113, 0.110335
1.6, 54, 50, 32.5576, 0.810394, 0.00313679, -0.0336115, 0.14635, 0.112037
1.6, 55, 50, 33.3695, 0.813487, 0.00304866, -0.0338987, 0.147555, 0.113722
1.6, 56, 50, 34.1845, 0.816493, 0.00296414, -0.0341788, 0.148729, 0.115391
1.6, 57, 50, 35.0025, 0.819416, 0.00288305, -0.034452, 0.149872, 0.117042
1.6, 58, 50, 35.8233, 0.82226, 0.00280519, -0.0347186, 0.150986, 0.118677
1.6, 59, 50, 36.647, 0.825028, 0.0027304, -0.0349788, 0.152072, 0.120296
1.6, 60, 50, 37.4734, 0.827722, 0.00265851, -0.0352326, 0.15313, 0.121899
1.7, 40, 50, 22.7993, 0.772815, 0.00443463, -0.0292015, 0.120622, 0.0811336
1.7, 41, 50, 23.5743, 0.777172, 0.00427926, -0.0296137, 0.122288, 0.0828977
1.7, 42, 50, 24.3536, 0.781377, 0.00413204, -0.0300156, 0.123911, 0.0846427
1.7, 43, 50, 25.137, 0.785438, 0.00399239, -0.0304075, 0.125493, 0.0863687
1.7, 44, 50, 25.9244, 0.789364, 0.00385981, -0.0307898, 0.127034, 0.0880762
1.7, 45, 50, 26.7157, 0.79316, 0.0037338, -0.0311627, 0.128536, 0.0897655
1.7, 46, 50, 27.5107, 0.796833, 0.00361393, -0.0315266, 0.13, 0.0914367
1.7, 47, 50, 28.3093, 0.80039, 0.00349979, -0.0318817, 0.131428, 0.0930904
1.7, 48, 50, 29.1114, 0.803835, 0.00339103, -0.0322283, 0.13282, 0.0947266
1.7, 49, 50, 29.9169, 0.807174, 0.0032873, -0.0325667, 0.134178, 0.0963459
1.7, 50, 50, 30.7257, 0.810411, 0.00318828, -0.032897, 0.135502, 0.0979483
1.7, 51, 50, 31.5377, 0.813552, 0.0030937, -0.0332197, 0.136794, 0.0995342
1.7, 52, 50, 32.3528, 0.8166, 0.00300329, -0.0335348, 0.138055, 0.101104
1.7, 53, 50, 33.1709, 0.819559, 0.00291679, -0.0338426, 0.139286, 0.102658
1.7, 54, 50, 33.9919, 0.822435, 0.00283399, -0.0341434, 0.140486, 0.104196
1.7, 55, 50, 34.8157, 0.825229, 0.00275467, -0.0344372, 0.141659, 0.105719
1.7, 56, 50, 35.6423, 0.827945, 0.00267863, -0.0347244, 0.142803, 0.107226
1.7, 57, 50, 36.4716, 0.830587, 0.00260571, -0.0350051, 0.143921, 0.108719
1.7, 58, 50, 37.3035, 0.833157, 0.00253571, -0.0352795, 0.145012, 0.110197
1.7, 59, 50, 38.1379, 0.835659, 0.00246849, -0.0355478, 0.146078, 0.11166
1.7, 60, 50, 38.9748, 0.838095, 0.00240391, -0.0358101, 0.147119, 0.11311
1.8, 40, 50, 23.9801, 0.789246, 0.00401122, -0.0295249, 0.115523, 0.075898
1.8, 41, 50, 24.7713, 0.793186, 0.00387011, -0.029936, 0.117102, 0.0774936
1.8, 42, 50, 25.5664, 0.796989, 0.00373651, -0.0303372, 0.118642, 0.0790716
1.8, 43, 50, 26.3652, 0.800662, 0.00360987, -0.0307291, 0.120144, 0.0806323
1.8, 44, 50, 27.1677, 0.804211, 0.00348972, -0.0311117, 0.12161, 0.0821762
1.8, 45, 50, 27.9736, 0.807643, 0.00337561, -0.0314855, 0.123041, 0.0837034
1.8, 46, 50, 28.7829, 0.810964, 0.00326712, -0.0318506, 0.124438, 0.0852143
1.8, 47, 50, 29.5955, 0.814179, 0.00316388, -0.0322075, 0.125802, 0.0867092
1.8, 48, 50, 30.4112, 0.817294, 0.00306555, -0.0325563, 0.127134, 0.0881885
1.8, 49, 50, 31.2301, 0.820312, 0.00297182, -0.0328973, 0.128436, 0.0896523
1.8, 50, 50, 32.0518, 0.823239, 0.00288239, -0.0332307, 0.129708, 0.0911009
1.8, 51, 50, 32.8765, 0.826078, 0.00279701, -0.0335568, 0.13095, 0.0925348
1.8, 52, 50, 33.704, 0.828834, 0.00271542, -0.0338757, 0.132165, 0.093954
1.8, 53, 50, 34.5341, 0.83151, 0.0026374, -0.0341877, 0.133352, 0.0953589
1.8, 54, 50, 35.367, 0.83411, 0.00256274, -0.034493, 0.134513, 0.0967497
1.8, 55, 50, 36.2023, 0.836637, 0.00249125, -0.0347917, 0.135648, 0.0981267
1.8, 56, 50, 37.0402, 0.839093, 0.00242274, -0.0350842, 0.136759, 0.0994902
1.8, 57, 50, 37.8805, 0.841483, 0.00235704, -0.0353704, 0.137845, 0.10084
1.8, 58, 50, 38.7232, 0.843808, 0.00229401, -0.0356507, 0.138907, 0.102177
1.8, 59, 50, 39.5681, 0.846072, 0.0022335, -0.0359251, 0.139946, 0.103501
1.8, 60, 50, 40.4153, 0.848276, 0.00217536, -0.0361939, 0.140964, 0.104813
1.9, 40, 50, 25.1095, 0.804794, 0.00363007, -0.0296925, 0.110354, 0.0708228
1.9, 41, 50, 25.9161, 0.80836, 0.00350193, -0.0301011, 0.111848, 0.0722667
1.9, 42, 50, 26.7262, 0.811801, 0.00338068, -0.0305004, 0.113307, 0.0736945
1.9, 43, 50, 27.5396, 0.815123, 0.00326584, -0.0308906, 0.114732, 0.0751066
1.9, 44, 50, 28.3564, 0.818334, 0.00315693, -0.0312722, 0.116125, 0.0765033
1.9, 45, 50, 29.1763, 0.821439, 0.00305355, -0.0316453, 0.117485, 0.0778848
1.9, 46, 50, 29.9992, 0.824443, 0.00295532, -0.0320103, 0.118816, 0.0792516
1.9, 47, 50, 30.8251, 0.827351, 0.00286189, -0.0323674, 0.120117, 0.0806038
1.9, 48, 50, 31.6539, 0.830168, 0.00277295, -0.0327168, 0.121389, 0.0819418
1.9, 49, 50, 32.4854, 0.832899, 0.0026882, -0.0330588, 0.122633, 0.0832659
1.9, 50, 50, 33.3197, 0.835546, 0.00260737, -0.0333936, 0.12385, 0.0845764
1.9, 51, 50, 34.1565, 0.838115, 0.00253023, -0.0337214, 0.125042, 0.0858734
1.9, 52, 50, 34.9959, 0.840608, 0.00245655, -0.0340425, 0.126208, 0.0871573
1.9, 53, 50, 35.8377, 0.843029, 0.00238611, -0.0343569, 0.127349, 0.0884283
1.9, 54, 50, 36.6819, 0.845381, 0.00231872, -0.034665, 0.128466, 0.0896866
1.9, 55, 50, 37.5284, 0.847667, 0.00225421, -0.034967, 0.129561, 0.0909326
1.9, 56, 50, 38.3772, 0.84989, 0.00219241, -0.0352628, 0.130633, 0.0921663
1.9, 57, 50, 39.2282, 0.852053, 0.00213317, -0.0355529, 0.131683, 0.0933882
1.9, 58, 50, 40.0813, 0.854157, 0.00207634, -0.0358372, 0.132711, 0.0945982
1.9, 59, 50, 40.9365, 0.856206, 0.00202179, -0.036116, 0.133719, 0.0957968
1.9, 60, 50, 41.7937, 0.858202, 0.00196941, -0.0363894, 0.134707, 0.096984
2, 40, 50, 26.187, 0.819491, 0.00328581, -0.0297102, 0.105146, 0.0659264
2, 41, 50, 27.0081, 0.822718, 0.00316948, -0.030115, 0.106558, 0.0672333
2, 42, 50, 27.8324, 0.825832, 0.00305948, -0.0305108, 0.107938, 0.0685255
2, 43, 50, 28.6598, 0.828839, 0.00295533, -0.0308982, 0.109288, 0.0698034
2, 44, 50, 29.4901, 0.831745, 0.00285662, -0.0312772, 0.110608, 0.0710672
2, 45, 50, 30.3232, 0.834554, 0.00276296, -0.0316482, 0.1119, 0.0723173
2, 46, 50, 31.1591, 0.837272, 0.00267401, -0.0320115, 0.113164, 0.0735539
2, 47, 50, 31.9977, 0.839904, 0.00258944, -0.0323672, 0.114402, 0.0747775
2, 48, 50, 32.8389, 0.842453, 0.00250896, -0.0327157, 0.115613, 0.0759881
2, 49, 50, 33.6826, 0.844923, 0.00243231, -0.0330572, 0.116799, 0.0771862
2, 50, 50, 34.5287, 0.847318, 0.00235923, -0.0333918, 0.117961, 0.0783719
2, 51, 50, 35.3772, 0.849642, 0.0022895, -0.0337197, 0.1191, 0.0795455
2, 52, 50, 36.228, 0.851898, 0.00222292, -0.0340413, 0.120215, 0.0807072
2, 53, 50, 37.081, 0.854089, 0.00215929, -0.0343566, 0.121309, 0.0818574
2, 54, 50, 37.9362, 0.856218, 0.00209843, -0.0346658, 0.122381, 0.0829961
2, 55, 50, 38.7934, 0.858287, 0.00204019, -0.0349692, 0.123431, 0.0841238
2, 56, 50, 39.6527, 0.860299, 0.0019844, -0.0352668, 0.124462, 0.0852404
2, 57, 50, 40.514, 0.862257, 0.00193094, -0.0355589, 0.125473, 0.0863464
2, 58, 50, 41.3772, 0.864162, 0.00187967, -0.0358455, 0.126464, 0.0874418
2, 59, 50, 42.2423, 0.866017, 0.00183046, -0.0361269, 0.127437, 0.0885268
2, 60, 50, 43.1092, 0.867823, 0.00178321, -0.0364032, 0.128391, 0.0896018
2.1, 40, 50, 27.2124, 0.833366, 0.00297404, -0.029585, 0.0999279, 0.0612225
2.1, 41, 50, 28.0472, 0.836286, 0.00286849, -0.0299846, 0.10126, 0.0624053
2.1, 42, 50, 28.8849, 0.839104, 0.00276871, -0.0303757, 0.102564, 0.0635747
2.1, 43, 50, 29.7254, 0.841826, 0.0026743, -0.0307586, 0.10384, 0.0647311
2.1, 44, 50, 30.5685, 0.844455, 0.00258486, -0.0311337, 0.10509, 0.0658747
2.1, 45, 50, 31.4143, 0.846997, 0.00250002, -0.0315012, 0.106313, 0.0670059
2.1, 46, 50, 32.2625, 0.849456, 0.00241948, -0.0318613, 0.107512, 0.0681248
2.1, 47, 50, 33.1132, 0.851837, 0.00234293, -0.0322143, 0.108686, 0.0692319
2.1, 48, 50, 33.9662, 0.854143, 0.00227011, -0.0325604, 0.109837, 0.0703273
2.1, 49, 50, 34.8214, 0.856378, 0.00220078, -0.0328998, 0.110965, 0.0714113
2.1, 50, 50, 35.6789, 0.858546, 0.00213469, -0.0332326, 0.112071, 0.0724841
2.1, 51, 50, 36.5385, 0.860649, 0.00207166, -0.0335592, 0.113156, 0.073546
2.1, 52, 50, 37.4002, 0.86269, 0.00201148, -0.0338797, 0.11422, 0.0745973
2.1, 53, 50, 38.2639, 0.864673, 0.00195399, -0.0341943, 0.115264, 0.0756381
2.1, 54, 50, 39.1295, 0.866599, 0.00189902, -0.0345031, 0.116288, 0.0766686
2.1, 55, 50, 39.997, 0.868472, 0.00184642, -0.0348062, 0.117294, 0.0776891
2.1, 56, 50, 40.8664, 0.870293, 0.00179605, -0.035104, 0.118281, 0.0786997
2.1, 57, 50, 41.7376, 0.872064, 0.00174778, -0.0353964, 0.11925, 0.0797007
2.1, 58, 50, 42.6105, 0.873789, 0.0017015, -0.0356838, 0.120201, 0.0806922
2.1, 59, 50, 43.4852, 0.875468, 0.0016571, -0.0359661, 0.121136, 0.0816745
2.1, 60, 50, 44.3615, 0.877104, 0.00161447, -0.0362435, 0.122054, 0.0826477
2.2, 40, 50, 28.1856, 0.846443, 0.00269111, -0.0293249, 0.0947272, 0.0567211
2.2, 41, 50, 29.0334, 0.849086, 0.00259539, -0.0297179, 0.0959827, 0.0577914
2.2, 42, 50, 29.8838, 0.851636, 0.00250495, -0.030103, 0.0972121, 0.0588494
2.2, 43, 50, 30.7366, 0.854098, 0.0024194, -0.0304802, 0.0984165, 0.0598956
2.2, 44, 50, 31.5919, 0.856476, 0.00233839, -0.03085, 0.0995965, 0.0609302
2.2, 45, 50, 32.4496, 0.858776, 0.00226157, -0.0312126, 0.100753, 0.0619535
2.2, 46, 50, 33.3095, 0.861001, 0.00218867, -0.0315682, 0.101887, 0.0629657
2.2, 47, 50, 34.1715, 0.863155, 0.0021194, -0.031917, 0.102999, 0.0639671
2.2, 48, 50, 35.0358, 0.865241, 0.00205353, -0.0322592, 0.104089, 0.064958
2.2, 49, 50, 35.902, 0.867263, 0.00199082, -0.0325951, 0.105159, 0.0659386
2.2, 50, 50, 36.7703, 0.869223, 0.00193108, -0.0329248, 0.106209, 0.0669091
2.2, 51, 50, 37.6404, 0.871126, 0.0018741, -0.0332486, 0.10724, 0.0678698
2.2, 52, 50, 38.5125, 0.872972, 0.00181972, -0.0335665, 0.108252, 0.0688208
2.2, 53, 50, 39.3864, 0.874766, 0.00176778, -0.0338788, 0.109245, 0.0697623
2.2, 54, 50, 40.262, 0.876509, 0.00171812, -0.0341856, 0.110221, 0.0706947
2.2, 55, 50, 41.1394, 0.878203, 0.00167061, -0.0344871, 0.111179, 0.071618
2.2, 56, 50, 42.0184, 0.879851, 0.00162513, -0.0347835, 0.112121, 0.0725324
2.2, 57, 50, 42.899, 0.881454, 0.00158155, -0.0350748, 0.113046, 0.0734382
2.2, 58, 50, 43.7813, 0.883014, 0.00153978, -0.0353612, 0.113956, 0.0743354
2.2, 59, 50, 44.6651, 0.884534, 0.0014997, -0.0356429, 0.11485, 0.0752244
2.2, 60, 50, 45.5503, 0.886014, 0.00146123, -0.0359199, 0.115729, 0.0761051
2.3, 40, 50, 29.1071, 0.85875, 0.00243395, -0.0289387, 0.0895694, 0.0524293
2.3, 41, 50, 29.967, 0.86114, 0.00234721, -0.029324, 0.0907502, 0.0533973
2.3, 42, 50, 30.8293, 0.863446, 0.00226529, -0.0297017, 0.0919074, 0.0543542
2.3, 43, 50, 31.6939, 0.865672, 0.00218783, -0.030072, 0.0930417, 0.0553002
2.3, 44, 50, 32.5606, 0.867823, 0.00211449, -0.0304353, 0.0941539, 0.0562358
2.3, 45, 50, 33.4295, 0.869902, 0.00204498, -0.0307916, 0.0952447, 0.0571611
2.3, 46, 50, 34.3004, 0.871914, 0.00197902, -0.0311414, 0.0963149, 0.0580763
2.3, 47, 50, 35.1733, 0.873862, 0.00191637, -0.0314847, 0.0973652, 0.0589818
2.3, 48, 50, 36.0481, 0.875748, 0.00185681, -0.0318217, 0.098396, 0.0598778
2.3, 49, 50, 36.9248, 0.877576, 0.00180012, -0.0321528, 0.0994082, 0.0607644
2.3, 50, 50, 37.8033, 0.879349, 0.00174612, -0.032478, 0.100402, 0.061642
2.3, 51, 50, 38.6835, 0.881069, 0.00169464, -0.0327975, 0.101378, 0.0625106
2.3, 52, 50, 39.5654, 0.882739, 0.00164551, -0.0331115, 0.102338, 0.0633706
2.3, 53, 50, 40.4489, 0.884361, 0.00159859, -0.0334201, 0.10328, 0.064222
2.3, 54, 50, 41.3341, 0.885937, 0.00155375, -0.0337236, 0.104207, 0.0650652
2.3, 55, 50, 42.2208, 0.887469, 0.00151085, -0.034022, 0.105118, 0.0659001
2.3, 56, 50, 43.109, 0.888959, 0.00146979, -0.0343155, 0.106013, 0.0667271
2.3, 57, 50, 43.9987, 0.890409, 0.00143046, -0.0346042, 0.106894, 0.0675464
2.3, 58, 50, 44.8898, 0.891821, 0.00139275, -0.0348883, 0.10776, 0.0683579
2.3, 59, 50, 45.7823, 0.893195, 0.00135659, -0.0351678, 0.108613, 0.069162
2.3, 60, 50, 46.6762, 0.894534, 0.00132187, -0.035443, 0.109451, 0.0699587
2.4, 40, 50, 29.9772, 0.87031, 0.00219996, -0.0284361, 0.0844784, 0.0483515
2.4, 41, 50, 30.8486, 0.87247, 0.00212143, -0.0288125, 0.0855868, 0.0492264
2.4, 42, 50, 31.7222, 0.874554, 0.00204728, -0.0291816, 0.0866737, 0.0500912
2.4, 43, 50, 32.5977, 0.876566, 0.00197719, -0.0295439, 0.0877398, 0.0509462
2.4, 44, 50, 33.4753, 0.87851, 0.00191085, -0.0298993, 0.0887858, 0.0517917
2.4, 45, 50, 34.3547, 0.880389, 0.00184799, -0.0302483, 0.0898124, 0.0526278
2.4, 46, 50, 35.236, 0.882207, 0.00178836, -0.030591, 0.0908202, 0.0534549
2.4, 47, 50, 36.1191, 0.883967, 0.00173174, -0.0309275, 0.0918099, 0.0542732
2.4, 48, 50, 37.0039, 0.885671, 0.00167791, -0.0312582, 0.0927819, 0.0550828
2.4, 49, 50, 37.8904, 0.887323, 0.0016267, -0.0315831, 0.0937368, 0.0558841
2.4, 50, 50, 38.7786, 0.888925, 0.00157792, -0.0319025, 0.0946752, 0.0566771
2.4, 51, 50, 39.6683, 0.89048, 0.00153142, -0.0322165, 0.0955976, 0.057462
2.4, 52, 50, 40.5595, 0.891989, 0.00148706, -0.0325253, 0.0965044, 0.0582392
2.4, 53, 50, 41.4522, 0.893455, 0.0014447, -0.032829, 0.0973961, 0.0590086
2.4, 54, 50, 42.3464, 0.894879, 0.00140422, -0.0331278, 0.0982732, 0.0597706
2.4, 55, 50, 43.242, 0.896264, 0.00136551, -0.0334217, 0.0991359, 0.0605253
2.4, 56, 50, 44.1389, 0.897611, 0.00132845, -0.0337111, 0.0999848, 0.0612727
2.4, 57, 50, 45.0372, 0.898921, 0.00129296, -0.0339959, 0.10082, 0.0620132
2.4, 58, 50, 45.9368, 0.900197, 0.00125895, -0.0342763, 0.101643, 0.0627468
2.4, 59, 50, 46.8376, 0.90144, 0.00122632, -0.0345524, 0.102452, 0.0634736
2.4, 60, 50, 47.7396, 0.90265, 0.00119501, -0.0348243, 0.103249, 0.0641939
2.5, 40, 50, 30.7969, 0.881147, 0.00198689, -0.0278271, 0.0794756, 0.0444897
2.5, 41, 50, 31.6791, 0.883099, 0.00191586, -0.0281936, 0.080514, 0.0452798
2.5, 42, 50, 32.5631, 0.884981, 0.00184882, -0.0285532, 0.0815328, 0.0460608
2.5, 43, 50, 33.449, 0.886797, 0.00178546, -0.0289062, 0.0825327, 0.0468329
2.5, 44, 50, 34.3367, 0.888553, 0.0017255, -0.0292528, 0.0835143, 0.0475964
2.5, 45, 50, 35.2261, 0.890249, 0.00166871, -0.0295933, 0.0844783, 0.0483514
2.5, 46, 50, 36.1172, 0.891891, 0.00161484, -0.0299277, 0.0854251, 0.0490983
2.5, 47, 50, 37.0098, 0.89348, 0.0015637, -0.0302564, 0.0863553, 0.0498372
2.5, 48, 50, 37.9041, 0.895019, 0.0015151, -0.0305796, 0.0872696, 0.0505682
2.5, 49, 50, 38.7999, 0.896511, 0.00146886, -0.0308972, 0.0881683, 0.0512917
2.5, 50, 50, 39.6971, 0.897958, 0.00142483, -0.0312097, 0.0890519, 0.0520078
2.5, 51, 50, 40.5958, 0.899361, 0.00138287, -0.031517, 0.089921, 0.0527166
2.5, 52, 50, 41.4958, 0.900724, 0.00134284, -0.0318194, 0.0907758, 0.0534184
2.5, 53, 50, 42.3972, 0.902048, 0.00130462, -0.0321169, 0.0916169, 0.0541132
2.5, 54, 50, 43.2999, 0.903334, 0.0012681, -0.0324098, 0.0924447, 0.0548013
2.5, 55, 50, 44.2039, 0.904584, 0.00123318, -0.0326982, 0.0932595, 0.0554828
2.5, 56, 50, 45.1091, 0.905801, 0.00119977, -0.0329822, 0.0940616, 0.0561579
2.5, 57, 50, 46.0155, 0.906984, 0.00116776, -0.0332618, 0.0948515, 0.0568266
2.5, 58, 50, 46.923, 0.908137, 0.00113709, -0.0335373, 0.0956294, 0.0574892
2.5, 59, 50, 47.8317, 0.909259, 0.00110768, -0.0338087, 0.0963956, 0.0581457
2.5, 60, 50, 48.7415, 0.910352, 0.00107945, -0.0340762, 0.0971506, 0.0587963
2.6, 40, 50, 31.5671, 0.891288, 0.0017928, -0.0271225, 0.0745806, 0.0408441
2.6, 41, 50, 32.4593, 0.893048, 0.00172863, -0.027478, 0.0755515, 0.041557
2.6, 42, 50, 33.3532, 0.894746, 0.00166807, -0.0278271, 0.0765045, 0.0422616
2.6, 43, 50, 34.2488, 0.896386, 0.00161085, -0.0281699, 0.0774402, 0.0429582
2.6, 44, 50, 35.1459, 0.897969, 0.00155673, -0.0285067, 0.0783593, 0.043647
2.6, 45, 50, 36.0447, 0.8995, 0.00150546, -0.0288376, 0.0792623, 0.0443282
2.6, 46, 50, 36.9449, 0.900981, 0.00145684, -0.0291629, 0.0801497, 0.045002
2.6, 47, 50, 37.8466, 0.902414, 0.0014107, -0.0294828, 0.0810221, 0.0456686
2.6, 48, 50, 38.7497, 0.903803, 0.00136685, -0.0297973, 0.0818798, 0.0463281
2.6, 49, 50, 39.6542, 0.905149, 0.00132514, -0.0301067, 0.0827234, 0.0469808
2.6, 50, 50, 40.56, 0.906454, 0.00128544, -0.0304111, 0.0835533, 0.0476268
2.6, 51, 50, 41.4671, 0.90772, 0.0012476, -0.0307107, 0.0843699, 0.0482663
2.6, 52, 50, 42.3754, 0.90895, 0.0012115, -0.0310056, 0.0851736, 0.0488994
2.6, 53, 50, 43.285, 0.910144, 0.00117705, -0.031296, 0.0859647, 0.0495263
2.6, 54, 50, 44.1957, 0.911304, 0.00114413, -0.031582, 0.0867437, 0.0501471
2.6, 55, 50, 45.1076, 0.912433, 0.00111266, -0.0318636, 0.0875109, 0.050762
2.6, 56, 50, 46.0206, 0.91353, 0.00108255, -0.0321411, 0.0882665, 0.0513711
2.6, 57, 50, 46.9346, 0.914598, 0.00105371, -0.0324145, 0.089011, 0.0519745
2.6, 58, 50, 47.8498, 0.915638, 0.00102607, -0.032684, 0.0897446, 0.0525724
2.6, 59, 50, 48.7659, 0.916651, 0.000999575, -0.0329496, 0.0904676, 0.0531648
2.6, 60, 50, 49.6831, 0.917638, 0.000974148, -0.0332115, 0.0911802, 0.0537519
2.7, 40, 50, 32.289, 0.900756, 0.001616, -0.026333, 0.069811, 0.0374129
2.7, 41, 50, 33.1905, 0.902343, 0.00155808, -0.0266768, 0.0707168, 0.0380555
2.7, 42, 50, 34.0936, 0.903874, 0.00150345, -0.0270145, 0.0716062, 0.0386906
2.7, 43, 50, 34.9982, 0.905351, 0.00145184, -0.0273463, 0.07248, 0.0393185
2.7, 44, 50, 35.9043, 0.906778, 0.00140302, -0.0276724, 0.0733386, 0.0399393
2.7, 45, 50, 36.8118, 0.908158, 0.00135679, -0.0279929, 0.0741826, 0.0405532
2.7, 46, 50, 37.7206, 0.909493, 0.00131297, -0.0283081, 0.0750123, 0.0411605
2.7, 47, 50, 38.6308, 0.910784, 0.00127137, -0.0286182, 0.0758283, 0.0417612
2.7, 48, 50, 39.5422, 0.912036, 0.00123185, -0.0289232, 0.0766311, 0.0423556
2.7, 49, 50, 40.4548, 0.913249, 0.00119427, -0.0292234, 0.0774209, 0.0429438
2.7, 50, 50, 41.3687, 0.914425, 0.00115849, -0.0295189, 0.0781983, 0.043526
2.7, 51, 50, 42.2836, 0.915566, 0.0011244, -0.0298098, 0.0789636, 0.0441024
2.7, 52, 50, 43.1998, 0.916674, 0.0010919, -0.0300964, 0.0797171, 0.044673
2.7, 53, 50, 44.117, 0.917751, 0.00106087, -0.0303786, 0.0804592, 0.045238
2.7, 54, 50, 45.0353, 0.918797, 0.00103122, -0.0306566, 0.0811902, 0.0457975
2.7, 55, 50, 45.9546, 0.919814, 0.00100288, -0.0309306, 0.0819104, 0.0463517
2.7, 56, 50, 46.8749, 0.920803, 0.000975768, -0.0312006, 0.0826202, 0.0469007
2.7, 57, 50, 47.7962, 0.921765, 0.000949805, -0.0314668, 0.0833198, 0.0474446
2.7, 58, 50, 48.7184, 0.922703, 0.000924929, -0.0317293, 0.0840094, 0.0479836
2.7, 59, 50, 49.6416, 0.923616, 0.000901076, -0.0319881, 0.0846895, 0.0485176
2.7, 60, 50, 50.5656, 0.924505, 0.00087819, -0.0322434, 0.0853601, 0.0490469
2.8, 40, 50, 32.9638, 0.909578, 0.00145496, -0.0254698, 0.0651822, 0.0341933
2.8, 41, 50, 33.8741, 0.911007, 0.00140276, -0.0258011, 0.0660253, 0.0347719
2.8, 42, 50, 34.7858, 0.912385, 0.00135353, -0.0261267, 0.0668537, 0.0353437
2.8, 43, 50, 35.6989, 0.913715, 0.00130703, -0.0264467, 0.0676678, 0.0359089
2.8, 44, 50, 36.6132, 0.915, 0.00126306, -0.0267613, 0.068468, 0.0364678
2.8, 45, 50, 37.5288, 0.916242, 0.00122143, -0.0270707, 0.0692549, 0.0370205
2.8, 46, 50, 38.4457, 0.917443, 0.00118196, -0.027375, 0.0700289, 0.0375671
2.8, 47, 50, 39.3637, 0.918606, 0.00114451, -0.0276745, 0.0707904, 0.0381079
2.8, 48, 50, 40.2829, 0.919733, 0.00110894, -0.0279693, 0.0715397, 0.038643
2.8, 49, 50, 41.2032, 0.920825, 0.00107511, -0.0282595, 0.0722774, 0.0391726
2.8, 50, 50, 42.1245, 0.921884, 0.00104291, -0.0285452, 0.0730037, 0.0396967
2.8, 51, 50, 43.0469, 0.922911, 0.00101223, -0.0288267, 0.073719, 0.0402155
2.8, 52, 50, 43.9703, 0.923909, 0.000982982, -0.0291039, 0.0744235, 0.0407292
2.8, 53, 50, 44.8947, 0.924878, 0.000955064, -0.0293772, 0.0751177, 0.0412378
2.8, 54, 50, 45.8201, 0.925819, 0.000928398, -0.0296465, 0.0758018, 0.0417416
2.8, 55, 50, 46.7464, 0.926735, 0.000902905, -0.0299119, 0.0764761, 0.0422406
2.8, 56, 50, 47.6735, 0.927625, 0.000878517, -0.0301737, 0.0771408, 0.0427348
2.8, 57, 50, 48.6016, 0.928492, 0.000855167, -0.0304318, 0.0777963, 0.0432245
2.8, 58, 50, 49.5305, 0.929336, 0.000832796, -0.0306864, 0.0784427, 0.0437098
2.8, 59, 50, 50.4603, 0.930158, 0.000811347, -0.0309375, 0.0790804, 0.0441906
2.8, 60, 50, 51.3908, 0.930959, 0.000790768, -0.0311854, 0.0797095, 0.0446672
2.9, 40, 50, 33.5931, 0.91778, 0.00130835, -0.0245438, 0.0607074, 0.031181
2.9, 41, 50, 34.5115, 0.919065, 0.00126137, -0.024862, 0.0614906, 0.0317012
2.9, 42, 50, 35.4312, 0.920304, 0.00121707, -0.0251748, 0.0622603, 0.0322154
2.9, 43, 50, 36.3521, 0.9215, 0.00117523, -0.0254824, 0.063017, 0.0327236
2.9, 44, 50, 37.2742, 0.922655, 0.00113567, -0.0257849, 0.0637611, 0.0332262
2.9, 45, 50, 38.1974, 0.923772, 0.00109822, -0.0260825, 0.064493, 0.0337231
2.9, 46, 50, 39.1217, 0.924852, 0.00106273, -0.0263753, 0.0652132, 0.0342146
2.9, 47, 50, 40.0471, 0.925898, 0.00102905, -0.0266636, 0.0659221, 0.0347008
2.9, 48, 50, 40.9735, 0.926911, 0.000997065, -0.0269474, 0.0666199, 0.035182
2.9, 49, 50, 41.9009, 0.927893, 0.000966653, -0.0272269, 0.0673071, 0.0356581
2.9, 50, 50, 42.8293, 0.928845, 0.000937709, -0.0275022, 0.0679839, 0.0361293
2.9, 51, 50, 43.7586, 0.929769, 0.000910137, -0.0277735, 0.0686507, 0.0365958
2.9, 52, 50, 44.6888, 0.930665, 0.000883847, -0.0280409, 0.0693077, 0.0370577
2.9, 53, 50, 45.6199, 0.931537, 0.000858759, -0.0283044, 0.0699553, 0.0375151
2.9, 54, 50, 46.5519, 0.932383, 0.000834797, -0.0285642, 0.0705938, 0.037968
2.9, 55, 50, 47.4847, 0.933207, 0.000811892, -0.0288204, 0.0712232, 0.0384167
2.9, 56, 50, 48.4183, 0.934008, 0.000789981, -0.0290731, 0.0718441, 0.0388611
2.9, 57, 50, 49.3527, 0.934787, 0.000769005, -0.0293224, 0.0724564, 0.0393015
2.9, 58, 50, 50.2879, 0.935546, 0.000748909, -0.0295684, 0.0730606, 0.0397378
2.9, 59, 50, 51.2238, 0.936285, 0.000729643, -0.0298112, 0.0736567, 0.0401702
2.9, 60, 50, 52.1604, 0.937005, 0.00071116, -0.0300508, 0.0742451, 0.0405988
3, 40, 50, 34.1785, 0.925389, 0.00117496, -0.0235659, 0.0563979, 0.0283706
3, 41, 50, 35.1045, 0.926543, 0.00113273, -0.0238705, 0.0571237, 0.0288378
3, 42, 50, 36.0316, 0.927655, 0.00109292, -0.0241701, 0.0578373, 0.0292995
3, 43, 50, 36.9598, 0.928729, 0.00105533, -0.0244647, 0.058539, 0.0297559
3, 44, 50, 37.889, 0.929767, 0.00101979, -0.0247546, 0.0592293, 0.0302072
3, 45, 50, 38.8193, 0.930769, 0.000986149, -0.0250399, 0.0599085, 0.0306534
3, 46, 50, 39.7505, 0.93174, 0.000954271, -0.0253207, 0.0605771, 0.0310947
3, 47, 50, 40.6828, 0.932679, 0.000924028, -0.0255971, 0.0612353, 0.0315314
3, 48, 50, 41.6159, 0.933588, 0.000895306, -0.0258694, 0.0618835, 0.0319634
3, 49, 50, 42.5499, 0.93447, 0.000868, -0.0261377, 0.062522, 0.0323909
3, 50, 50, 43.4848, 0.935325, 0.000842015, -0.026402, 0.0631511, 0.0328141
3, 51, 50, 44.4206, 0.936154, 0.000817264, -0.0266625, 0.0637711, 0.033233
3, 52, 50, 45.3571, 0.936959, 0.000793667, -0.0269194, 0.0643822, 0.0336477
3, 53, 50, 46.2945, 0.937742, 0.000771149, -0.0271726, 0.0649848, 0.0340584
3, 54, 50, 47.2326, 0.938502, 0.000749645, -0.0274224, 0.0655789, 0.0344651
3, 55, 50, 48.1715, 0.939241, 0.000729091, -0.0276687, 0.066165, 0.034868
3, 56, 50, 49.1111, 0.939961, 0.00070943, -0.0279118, 0.0667432, 0.0352672
3, 57, 50, 50.0514, 0.940661, 0.000690609, -0.0281517, 0.0673137, 0.0356626
3, 58, 50, 50.9924, 0.941342, 0.000672579, -0.0283884, 0.0678767, 0.0360545
3, 59, 50, 51.9341, 0.942006, 0.000655294, -0.0286221, 0.0684324, 0.0364429
3, 60, 50, 52.8764, 0.942653, 0.000638713, -0.0288529, 0.068981, 0.0368278
